Designator,Footprint,Quantity,Value,LCSC Part #
"C1, C10, C11, C15, C16, C17, C18, C22, C23, C32, C34, C35, C36, C37, C38, C39, C40, C41, C42, C43, C7, C9",0603,22,100n,C1608X7R1C104KT
"C12, C28, C29",0603,3,10n,C1608X7R1H103KT
C13,0603,1,1u,C1608X5R0J105KT
C14,0603,1,1u,C1608X7R1C104KT
C19,1206,1,1u,C1608X7R1C104KT
C2,CP_Radial_D10.0mm_P5.00mm,1,220u,
C20,CP_Elec_6.3x7.7,1,100u,UCM1H101MCL1GS
"C21, C24",0603,2,10p,C1608COG1H270JT 
"C25, C26, C27, C33",1206,4,10u,C1608X7R1C104KT
C3,1206,1,4.7u,C1608X7R1C104KT
"C30, C31",0402,2,8p,C1608COG1H270JT 
C4,0603,1,220n,C1608X7R1C104KT
"C5, C6",1206,2,47u,
C8,0603,1,4.7u,C1608X5R0J475MT
D2,D_SOD-323_HandSoldering,1,D3Z10BF-7,D3Z10BF-7
D3,0805,1,+5V_OK,LTST-C170KGKT
D4,0805,1,+3V3_OK,LTST-C170KGKT
D6,SOT-23,1,PESD2CANFD27LU-QX,PESD2CANFD27LU-QX
D7,0805,1,LED,LTST-C170KGKT
D8,0805,1,LED,LTST-C170KRKT
F1,Fuseholder_Blade_Mini_Keystone_3568,1,5A,
F2,1812,1,MF-MSMF030-2,Bourns Inc.
FB1,0603,1,BLM18KG101JH1D,BLM18KG101JH1D
J1,Molex_Micro-Fit_3.0_43650-0215_1x02_P3.00mm_Vertical,1,VIN_CONN,0436500215
J10,Molex_KK-254_AE-6410-04A_1x04_P2.54mm_Vertical,1,UART_CONN,
J11,PinHeader_1x03_P2.54mm_Vertical,1,SW2_CONN,
J12,Molex_KK-254_AE-6410-03A_1x03_P2.54mm_Vertical,1,CAN_CONN,
J14,Molex_KK-254_AE-6410-04A_1x04_P2.54mm_Vertical,1,I2C_CONN,
J15,PinHeader_1x03_P2.54mm_Vertical,1,SW3_CONN,
J16,Molex_KK-254_AE-6410-02A_1x02_P2.54mm_Vertical,1,TEMP_CONN,
J17,Molex_KK-254_AE-6410-03A_1x03_P2.54mm_Vertical,1,AUX_ADC_CONN,
J18,PinHeader_1x03_P2.54mm_Vertical,1,SW4_CONN,
J2,Molex_Micro-Fit_3.0_43650-0415_1x04_P3.00mm_Vertical,1,MOT_CONN,0436500415
J3,PinSocket_1x02_P2.54mm_Vertical,1,DRV_DIAG,
J4,PinSocket_1x08_P2.54mm_Vertical,1,DRV_SKT_LEFT,
J5,PinSocket_1x08_P2.54mm_Vertical,1,DRV_SKT_RIGHT,
J6,USB_C_Receptacle_GCT_USB4105-xx-A_16P_TopMnt_Horizontal,1,USB4105-GF-A,USB4105-GF-A
J7,Molex_KK-254_AE-6410-06A_1x06_P2.54mm_Vertical,1,ENC_CONN,
J8,PinHeader_1x03_P2.54mm_Vertical,1,SW1_CONN,
J9,PinHeader_2x07_P1.27mm_Vertical_SMD,1,20021121-00014T1LF,20021121-00014T1LF
JP1,PinHeader_2x04_P2.54mm_Vertical,1,DRV_CFG_LO,
JP2,PinHeader_1x04_P2.54mm_Vertical,1,DRV_CFG_HI,
L1,L_Bourns_SRP1050WA,1,27u,SRR1050A-270Y
Q1,DPAK_MCC,1,MCU18P10Y-TP,MCU18P10Y-TP
Q2,SOT-223-3_TabPin2,1,FDT1600N10ALZ,FDT1600N10ALZ
R1,RESC2651X85N,1,10m,WLTM1020QLR010FYR
"R10, R35, R40, R9",0603,4,10,
"R11, R12, R14, R15, R20, R29, R31, R41, R5, R50, R53, R54, R55",0603,13,10k,
R13,0603,1,976k,
R16,0402,1,0,
"R17, R18, R22, R23, R24, R4, R43, R51, R52",0603,9,1k,
R19,0603,1,4.87k,
"R2, R30, R6, R8",0603,4,100k,
R21,0603,1,8.25k,
"R25, R26",2512,2,150,RPCQ2512JT150R
R27,0603,1,887k,
R28,0603,1,100,
R3,0603,1,2.87k,
R32,0603,1,120,
"R33, R34",0603,2,5.11k,
"R36, R37, R38, R39",0603,4,4.75k,
"R42, R44, R45, R46, R48, R49",0603,6,22.1,
R47,0603,1,47.5k,
R7,0603,1,24.9k,
"SW1, SW3",SW_SPST_PTS526xxxSMTR,2,PTS526SK15SMTR2 LFS,PTS526SK15SMTR2 LFS
SW2,SW_DIP_SPSTx01_Slide_6.7x4.1mm_W7.62mm_P2.54mm_LowProfile,1,SW_SPST,DSIC01THGET
U1,Texas_HTSOP-8-1EP_3.9x4.9mm_P1.27mm_EP2.95x4.9mm_Mask2.4x3.1mm_ThermalVias,1,LMR36510ADDAR,LMR36510ADDAR
U3,SOIC-8-1EP_3.9x4.9mm_P1.27mm_EP2.6x3.5mm_ThermalVias,1,AP7362-33SP-13,AP7362-33SP-13
U4,SOT-23-6,1,TLV6700QDDCRQ1,TLV6700QDDCRQ1
U5,VSSOP-10_3x3mm_P0.5mm,1,INA238AIDGSR,INA238AIDGSR
U6,LQFP-64_10x10mm_P0.5mm,1,STM32L476RGT6TR,STM32L476RGT6TR
U7,SOT-23-5,1,TLV4041R5DBVR,TLV4041R5DBVR
U8,SOIC-8_3.9x4.9mm_P1.27mm,1,TJA1051T-3,
U9,SOT-23-6,1,USBLC6-2SC6,USBLC6-2SC6
Y1,Crystal_SMD_5032-2Pin_5.0x3.2mm,1,ECS-80-8-30-JGN-TR,ECS-80-8-30-JGN-TR
Y2,Crystal_SMD_3215-2Pin_3.2x1.5mm,1,ECS-.327-6-34R-TR,ECS-.327-6-34R-TR
