"Id";"Designator";"Footprint";"Quantity";"Designation";"Supplier and ref";
1;"R31,R55,R15,R11,R20,R12,R50,R29,R5,R53,R14,R54,R41";"R_0603_1608Metric";13;"10k";;;
2;"Q2";"SOT-223-3_TabPin2";1;"FDT1600N10ALZ";;;
3;"C22,C36,C16,C15,C7,C34,C40,C11,C10,C42,C23,C32,C1,C39,C37,C38,C17,C41,C9,C18,C35,C43";"C_0603_1608Metric";22;"100n";;;
4;"D4";"LED_0805_2012Metric";1;"+3V3_OK";;;
5;"R18,R43,R24,R22,R51,R17,R23,R52,R4";"R_0603_1608Metric";9;"1k";;;
6;"R3";"R_0603_1608Metric";1;"2.87k";;;
7;"D3";"LED_0805_2012Metric";1;"+5V_OK";;;
8;"U5";"VSSOP-10_3x3mm_P0.5mm";1;"INA238AIDGSR";;;
9;"R38,R39,R37,R36";"R_0603_1608Metric";4;"4.75k";;;
10;"Y1";"Crystal_SMD_5032-2Pin_5.0x3.2mm";1;"ECS-80-8-30-JGN-TR";;;
11;"U3";"SOIC-8-1EP_3.9x4.9mm_P1.27mm_EP2.6x3.5mm_ThermalVias";1;"AP7362-33SP-13";;;
12;"J6";"USB_C_Receptacle_GCT_USB4105-xx-A_16P_TopMnt_Horizontal";1;"USB4105-GF-A";;;
13;"U1";"Texas_HTSOP-8-1EP_3.9x4.9mm_P1.27mm_EP2.95x4.9mm_Mask2.4x3.1mm_ThermalVias";1;"LMR36510ADDAR";;;
14;"C27,C25,C33,C26";"C_1206_3216Metric";4;"10u";;;
15;"R48,R46,R49,R42,R44,R45";"R_0603_1608Metric";6;"22.1";;;
16;"D8,D7";"LED_0805_2012Metric";2;"LED";;;
17;"C19";"C_1206_3216Metric";1;"1u";;;
18;"FB1";"L_0603_1608Metric";1;"BLM18KG101JH1D";;;
19;"J15";"PinHeader_1x03_P2.54mm_Vertical";1;"SW3_CONN";;;
20;"U9";"SOT-23-6";1;"USBLC6-2SC6";;;
21;"C4";"C_0603_1608Metric";1;"220n";;;
22;"R34,R33";"R_0603_1608Metric";2;"5.11k";;;
23;"D6";"SOT-23";1;"PESD2CANFD27LU-QX";;;
24;"C8";"C_0603_1608Metric";1;"4.7u";;;
25;"C20";"CP_Elec_6.3x7.7";1;"100u";;;
26;"SW2";"SW_DIP_SPSTx01_Slide_6.7x4.1mm_W7.62mm_P2.54mm_LowProfile";1;"SW_SPST";;;
27;"SW3,SW1";"SW_SPST_PTS526xxxSMTR";2;"PTS526SK15SMTR2 LFS";;;
28;"J11";"PinHeader_1x03_P2.54mm_Vertical";1;"SW2_CONN";;;
29;"R25,R26";"R_2512_6332Metric";2;"150";;;
30;"C30,C31";"C_0402_1005Metric";2;"8p";;;
31;"J5";"PinSocket_1x08_P2.54mm_Vertical";1;"DRV_SKT_RIGHT";;;
32;"U8";"SOIC-8_3.9x4.9mm_P1.27mm";1;"TJA1051T-3";;;
33;"R32";"R_0603_1608Metric";1;"120";;;
34;"J18";"PinHeader_1x03_P2.54mm_Vertical";1;"SW4_CONN";;;
35;"F2";"R_1812_4532Metric";1;"MF-MSMF030-2";;;
36;"R16";"R_0402_1005Metric";1;"0";;;
37;"R21";"R_0603_1608Metric";1;"8.25k";;;
38;"R19";"R_0603_1608Metric";1;"4.87k";;;
39;"R10,R40,R9,R35";"R_0603_1608Metric";4;"10";;;
40;"U6";"LQFP-64_10x10mm_P0.5mm";1;"STM32L476RGT6TR";;;
41;"R30,R8,R2,R6";"R_0603_1608Metric";4;"100k";;;
42;"R27";"R_0603_1608Metric";1;"887k";;;
43;"C13,C14";"C_0603_1608Metric";2;"1u";;;
44;"C24,C21";"C_0603_1608Metric";2;"10p";;;
45;"J17";"Molex_KK-254_AE-6410-03A_1x03_P2.54mm_Vertical";1;"AUX_ADC_CONN";;;
46;"C2";"CP_Radial_D10.0mm_P5.00mm";1;"220u";;;
47;"R1";"RESC2651X85N";1;"10m";;;
48;"C29,C28,C12";"C_0603_1608Metric";3;"10n";;;
49;"R47";"R_0603_1608Metric";1;"47.5k";;;
50;"Y2";"Crystal_SMD_3215-2Pin_3.2x1.5mm";1;"ECS-.327-6-34R-TR";;;
51;"J10";"Molex_KK-254_AE-6410-04A_1x04_P2.54mm_Vertical";1;"UART_CONN";;;
52;"R13";"R_0603_1608Metric";1;"976k";;;
53;"C3";"C_1206_3216Metric";1;"4.7u";;;
54;"JP1";"PinHeader_2x04_P2.54mm_Vertical";1;"DRV_CFG_LO";;;
55;"U7";"SOT-23-5";1;"TLV4041R5DBVR";;;
56;"J4";"PinSocket_1x08_P2.54mm_Vertical";1;"DRV_SKT_LEFT";;;
57;"J12";"Molex_KK-254_AE-6410-03A_1x03_P2.54mm_Vertical";1;"CAN_CONN";;;
58;"C6,C5";"C_1206_3216Metric";2;"47u";;;
59;"J8";"PinHeader_1x03_P2.54mm_Vertical";1;"SW1_CONN";;;
60;"Q1";"DPAK_MCC";1;"MCU18P10Y-TP";;;
61;"L1";"L_Bourns_SRP1050WA";1;"27u";;;
62;"R7";"R_0603_1608Metric";1;"24.9k";;;
63;"D2";"D_SOD-323_HandSoldering";1;"D3Z10BF-7";;;
64;"J16";"Molex_KK-254_AE-6410-02A_1x02_P2.54mm_Vertical";1;"TEMP_CONN";;;
65;"R28";"R_0603_1608Metric";1;"100";;;
66;"F1";"Fuseholder_Blade_Mini_Keystone_3568";1;"5A";;;
67;"J9";"PinHeader_2x07_P1.27mm_Vertical_SMD";1;"20021121-00014T1LF";;;
68;"J3";"PinSocket_1x02_P2.54mm_Vertical";1;"DRV_DIAG";;;
69;"U4";"SOT-23-6";1;"TLV6700QDDCRQ1";;;
70;"JP2";"PinHeader_1x04_P2.54mm_Vertical";1;"DRV_CFG_HI";;;
71;"J14";"Molex_KK-254_AE-6410-04A_1x04_P2.54mm_Vertical";1;"I2C_CONN";;;
72;"J2";"Molex_Micro-Fit_3.0_43650-0415_1x04_P3.00mm_Vertical";1;"MOT_CONN";;;
73;"J1";"Molex_Micro-Fit_3.0_43650-0215_1x02_P3.00mm_Vertical";1;"VIN_CONN";;;
74;"J7";"Molex_KK-254_AE-6410-06A_1x06_P2.54mm_Vertical";1;"ENC_CONN";;;
