Designator,Mid X,Mid Y,Rotation,Layer
C1,36.83,4.445,0.0,top
C10,21.919001,80.605,90.0,top
C11,34.8225,91.4,180.0,top
C12,22.86,93.98,270.0,top
C13,20.955,93.98,270.0,top
C14,34.29,3.81,270.0,top
C15,28.8925,25.4,90.0,top
C16,39.51,74.295,0.0,top
C17,33.73,80.2875,180.0,top
C18,13.335,47.625,270.0,top
C19,15.24,47.625,90.0,top
C2,25.4,16.377677,270.0,top
C20,16.51,61.755,270.0,top
C21,32.12625,105.981501,0.0,top
C22,31.75,38.735,270.0,top
C23,32.842499,28.575,180.0,top
C24,28.95125,105.981501,0.0,top
C25,31.637501,46.35,0.0,top
C26,31.544999,56.51,0.0,top
C27,31.544999,59.055,0.0,top
C3,36.195,19.685,0.0,top
C32,6.985,44.45,180.0,top
C33,50.165,30.909999,90.0,top
C34,48.26,31.61,270.0,top
C35,50.305,102.5525,180.0,top
C36,44.945,38.735,0.0,top
C37,50.305,104.4575,180.0,top
C39,29.21,109.6775,270.0,top
C4,36.97,17.145,0.0,top
C41,17.92,105.41,180.0,top
C5,41.705,17.145,0.0,top
C6,41.705,19.685,0.0,top
C7,41.565,21.9075,180.0,top
C8,33.02,93.94,180.0,top
C9,20.955,91.44,0.0,top
D2,12.679999,20.32,180.0,top
D3,49.975,20.0025,180.0,top
D4,36.082499,42.355,0.0,top
D7,11.127499,82.55,0.0,top
D8,11.127499,86.995,0.0,top
F1,5.51,24.645,90.0,top
F2,49.53,36.5975,270.0,top
FB1,19.05,93.98,90.0,top
FID1,5.0,10.0,90.0,top
FID2,5.0,110.0,90.0,top
FID3,55.0,110.0,90.0,top
ID1,55.0,11.0,90.0,top
J1,14.605,5.0175,0.0,top
J10,14.605,114.935,180.0,top
J11,53.34,83.185,270.0,top
J12,46.355,114.955,180.0,top
J14,5.08,84.455,270.0,top
J15,53.34,89.535,270.0,top
J16,36.2,114.956,180.0,top
J17,27.305,114.955,180.0,top
J18,53.34,95.885,270.0,top
J2,5.8725,64.3128,270.0,top
J3,19.684999,55.405001,270.0,top
J4,23.494999,64.294999,180.0,top
J5,10.794998,64.294999,180.0,top
J6,56.515,41.275,90.0,top
J7,5.08,99.694999,270.0,top
J8,53.34,76.835,270.0,top
J9,54.61,58.42,180.0,top
JP1,17.144999,71.914998,90.0,top
JP2,17.145,68.104999,90.0,top
JP4,45.72,27.305,180.0,top
L1,45.085,9.525,90.0,top
Q1,13.716,27.94,0.0,top
Q2,7.255283,39.37,180.0,top
R1,21.59,25.4,90.0,top
R10,26.67,26.3525,0.0,top
R11,30.6075,10.795,0.0,top
R12,38.1,88.9,180.0,top
R13,27.115,36.195,180.0,top
R14,27.94,42.1,270.0,top
R15,29.845,42.1,270.0,top
R16,27.634001,97.21475,270.0,top
R17,47.435,84.772498,180.0,top
R18,36.195,44.26,0.0,top
R19,28.8925,34.6075,180.0,top
R2,31.4325,5.08,270.0,top
R20,34.6075,23.495,0.0,top
R21,30.6075,36.195,180.0,top
R22,47.435,78.422498,0.0,top
R23,47.435,91.1225,0.0,top
R24,47.435,97.4725,0.0,top
R25,15.875,37.465,0.0,top
R26,15.875,41.91,0.0,top
R27,6.54,49.53,180.0,top
R28,4.1275,46.99,270.0,top
R29,6.54,51.1175,0.0,top
R3,49.8475,21.9075,180.0,top
R30,2.54,46.99,90.0,top
R31,41.91,103.315,90.0,top
R32,40.005,109.665,90.0,top
R33,57.15,48.45,270.0,top
R34,53.975,48.45,270.0,top
R35,43.18,109.665,90.0,top
R36,19.05,81.28,270.0,top
R37,17.145,81.915,270.0,top
R38,41.540863,88.848363,45.0,top
R39,42.810863,87.578363,45.0,top
R4,20.955001,63.659999,90.0,top
R40,48.26,109.665,270.0,top
R42,48.705,60.96,180.0,top
R43,14.605,83.82,0.0,top
R44,48.705,56.515,180.0,top
R45,48.705,54.61,180.0,top
R46,48.705,58.42,180.0,top
R47,31.56,110.8075,180.0,top
R48,57.785,65.405,90.0,top
R49,48.705,62.865,180.0,top
R5,20.954999,59.85,270.0,top
R51,31.56,108.9025,0.0,top
R52,14.605,85.725,0.0,top
R53,15.24,106.236,270.0,top
R6,12.255,18.415,0.0,top
R7,31.4325,8.255,270.0,top
R8,12.255,16.51,0.0,top
R9,26.67,24.4475,0.0,top
SW1,41.91,70.485,180.0,top
SW2,38.7475,102.875,90.0,top
SW3,20.32,101.6,180.0,top
U1,35.56,9.525,270.0,top
U3,32.112502,51.495,0.0,top
U4,28.8925,38.735,180.0,top
U5,34.6075,26.035,180.0,top
U6,27.94,86.36,180.0,top
U7,6.985,46.99,0.0,top
U8,45.72,103.505,0.0,top
U9,45.72,41.275,0.0,top
Y1,30.53875,103.124,180.0,top
