Count,Hole Size,Plated,Hole Shape,Drill Layer Pair,Hole Type
6,0.30mm (11.81mils),PTH,Round,"L1 (Sig, PWR) - L2 (Sig, GND)",Pad
406,0.30mm (11.81mils),PTH,Round,"L1 (Sig, PWR) - L2 (Sig, GND)",Via
6,0.33mm (12.99mils),PTH,Round,"L1 (Sig, PWR) - L2 (Sig, GND)",Pad
10,0.40mm (15.75mils),PTH,Round,"L1 (Sig, PWR) - L2 (Sig, GND)",Via
4,0.60mm (23.62mils),PTH,Slot,"L1 (Sig, PWR) - L2 (Sig, GND)",Pad
4,0.80mm (31.50mils),PTH,Round,"L1 (Sig, PWR) - L2 (Sig, GND)",Pad
47,1.00mm (39.37mils),PTH,Round,"L1 (Sig, PWR) - L2 (Sig, GND)",Pad
6,1.02mm (40.16mils),PTH,Round,"L1 (Sig, PWR) - L2 (Sig, GND)",Pad
22,1.19mm (46.85mils),PTH,Round,"L1 (Sig, PWR) - L2 (Sig, GND)",Pad
4,1.78mm (70.08mils),PTH,Round,"L1 (Sig, PWR) - L2 (Sig, GND)",Pad
4,2.70mm (106.30mils),PTH,Round,"L1 (Sig, PWR) - L2 (Sig, GND)",Pad
Total 519,,,,,
