Row,Quantity Per PCB,References,Value,Datasheet,Footprint,Description,Manufacturer,MPN,Supplier,SPN,Notes
1,2,C24 C27,10p,https://mm.digikey.com/Volume0/opasdata/d220001/medias/docus/609/CL10C100JB8NNNC_Spec.pdf,C_0603_1608Metric,CAP CER 10PF 50V C0G/NP0 0603,Samsung Electro-Mechanics,CL10C100JB8NNNC,Digikey,1276-1027-1-ND,
2,1,C13,10n,https://www.lcsc.com/datasheet/C57112.pdf,C_0603_1608Metric,CAP CER 10N 50V X7R 0603,FH (Guangdong Fenghua Advanced Tech),0603B103K500NT,LCSC,C57112,
3,18,C1 C8 C10 C11 C12 C16 C17 C18 C19 C25 C26 C35 C37 C38 C39 C40 C44 C45,100n,https://yageogroup.com/content/datasheet/asset/file/UPY-GPHC_X7R_6_3V-TO-250V,C_0603_1608Metric,CAP CER 0.1UF 50V X7R 0603,YAGEO,CC0603KRX7R9BB104,DigiKey,311-1344-1-ND,
4,1,C21,100n,https://yageogroup.com/content/datasheet/asset/file/UPY-GPHC_X7R_6_3V-TO-250V,C_0603_1608Metric,CAP CER 0.1UF 100V X7R 0603,YAGEO,CC0603KRX7R0BB104,DigiKey,311-1523-1-ND,
5,1,C5,220n,https://yageogroup.com/content/datasheet/asset/file/UPY-GPHC_X7R_6_3V-TO-250V,C_1206_3216Metric,CAP CER 0.22UF 100V X7R 1206,YAGEO,CC1206KKX7R0BB224,DigiKey,311-3399-1-ND,
6,3,C14 C15 C20,1u,https://mm.digikey.com/Volume0/opasdata/d220001/medias/docus/931/C_Series_GeneralAppl_B11.pdf,C_0805_2012Metric,CAP CER 1UF 50V X7R 0805,Samsung Electro-Mechanics,CL21B105KBFNNNE,DigiKey,1276-1029-1-ND,
7,1,C22,1u,https://yageogroup.com/content/datasheet/asset/file/UPY-GPHC_X7R_6_3V-TO-250V,C_1206_3216Metric,CAP CER 1UF 100V X7R 1206,YAGEO,CC1206KKX7R0BB105,DigiKey,311-1948-1-ND,
8,2,C3 C4,2.2u,https://yageogroup.com/content/datasheet/asset/file/UPY-GPHC_X7R_6_3V-TO-250V,C_1206_3216Metric,CAP CER 2.2UF 100V X7R 1206,YAGEO,CC1206KKX7R0BB225,DigiKey,311-3450-1-ND,
9,1,C9,4.7u,https://www.lcsc.com/datasheet/C29823.pdf,C_1206_3216Metric,CAP CER 4.7UF 50V X7R 1206,FH (Guangdong Fenghua Advanced Tech),1206B475K500NT,LCSC,C29823,
10,4,C28 C29 C30 C36,10u,https://mm.digikey.com/Volume0/opasdata/d220001/medias/docus/43/CL10A106KP8NNNC_Spec.pdf,C_0603_1608Metric,CAP CER 10UF 10V X5R 0603,Samsung Electro-Mechanics,CL10A106KP8NNNC,Digikey,1276-1192-1-ND,
11,2,C6 C7,22u,https://yageogroup.com/content/datasheet/asset/file/UPY-GPHC_X7R_6_3V-TO-250V,C_1206_3216Metric,CAP CER 22UF 10V X7R 1206,YAGEO,CC1206KKX7R6BB226,DigiKey,13-CC1206KKX7R6BB226CT-ND,
12,1,C23,100u,https://www.rubycon.co.jp/wp-content/uploads/catalog-aluminum/PX.pdf,CP_Radial_D8.0mm_P3.50mm,CAP ALUM 100UF 20% 63V RADIAL TH,Rubycon,63PX100MEFC8X11.5,Digikey,1189-63PX100MEFC8X11.5-ND,
13,1,C2,220u,https://www.rubycon.co.jp/wp-content/uploads/catalog-aluminum/ZLJ.pdf,CP_Radial_D10.0mm_P5.00mm,CAP ALUM 220UF 20% 63V RADIAL TH,Rubycon,63ZLJ220M10X16,DigiKey,1189-63ZLJ220M10X16-ND,
14,1,D3,+3V3_OK,https://www.lcsc.com/datasheet/C2297.pdf,LED_0805_2012Metric,LED EMERALD GREEN 0805 SMD,Hubei KENTO Elec,KT-0805G,LCSC,C2297,Any low power green 0805 LED
15,1,D2,+5V_OK,https://www.lcsc.com/datasheet/C2297.pdf,LED_0805_2012Metric,LED EMERALD GREEN 0805 SMD,Hubei KENTO Elec,KT-0805G,LCSC,C2297,Any low power green 0805 LED
16,1,D6,LED1,https://www.lcsc.com/datasheet/C2296.pdf,LED_0805_2012Metric,LED YELLOW WATER CLEAR 0805 SMD,Hubei KENTO Elec,KT-0805Y,LCSC,C2296,Any low power yellow 0805 LED
17,1,D7,LED2,https://www.lcsc.com/datasheet/C84256.pdf,LED_0805_2012Metric,LED RED 0805 SMD,NATIONSTAR,NCD0805R1,LCSC,C84256,Any low power red 0805 LED
18,1,D1,"PDZ10B,115",https://assets.nexperia.com/documents/data-sheet/PDZ-B_SER.pdf,D_SOD-323_HandSoldering,DIODE ZENER 10V 400MW SOD323,Nexperia USA Inc.,"PDZ10B,115",DigiKey,1727-5143-1-ND,"VZ = 10 V, suitable for input over-voltage clamping"
19,1,F1,MF-MSMF030-2,https://www.bourns.com/docs/product-datasheets/mf-msmf.pdf,R_1812_4532Metric,PTC RESET FUSE 30V 300MA 1812,Bourns Inc.,MF-MSMF030-2,DigiKey,MF-MSMF030-2CT-ND,
20,1,FB1,BLM18PG121SN1D,https://pim.murata.com/asset/pim4/ferriteBeadInductortypefilter/ENFA0003_PDF_FERRITEBEADINDUCTORTYPEFILTER?lastModifiedDatetime=20250707190934,L_0603_1608Metric,FERRITE BEAD 120 OHM 0603 1LN,Murata Electronics,BLM18PG121SN1D,DigiKey,490-1037-1-ND,
21,1,FH1,XF-508P-B-B,https://www.lcsc.com/datasheet/C19727305.pdf,Fuseholder_Blade_Mini_Keystone_3568,MINI AUTO FUSE HOLDER,XFCN,XF-508P-B-B,LCSC,C19727305,
22,2,J11 J16,CAN_CONN,https://www.lcsc.com/datasheet/C239363.pdf,Molex_KK-254_AE-6410-03A_1x03_P2.54mm_Vertical,CONN HEADER TH 3POS 2.54mm,CJT(Changjiang Connectors),A2543WV-3P,LCSC,C239363,
23,1,J3,DRV_DIAG,https://www.lcsc.com/datasheet/C41427517.pdf,PinSocket_1x02_P2.54mm_Vertical,CONN SOCKET 2POS 2.54mm SINGLE ROW TH,hanxia,HX PM2.54-1x2P ZC H11,LCSC,C41427517,
24,2,J4 J5,DRV_SKT_LEFT,https://www.lcsc.com/datasheet/C41427523.pdf,PinSocket_1x08_P2.54mm_Vertical,CONN SOCKET 8POS 2.54mm SINGLE ROW TH,hanxia,HX PM2.54-1x8P ZC H11,LCSC,C41427523,
25,1,J7,ENC_CONN,https://www.lcsc.com/datasheet/C239366.pdf,Molex_KK-254_AE-6410-06A_1x06_P2.54mm_Vertical,CONN HEADER TH 6POS 2.54mm,CJT(Changjiang Connectors),A2543WV-6P,LCSC,C239366,
26,1,J2,MOT_CONN,https://www.lcsc.com/datasheet/C239441.pdf,Molex_Micro-Fit_3.0_43650-0415_1x04_P3.00mm_Vertical,CONN HEADER TH 4POS 3mm,CJT(Changjiang Connectors),C3030WV-4P,LCSC,C239441,
27,1,J14,ST-LINK_CONN,https://www.lcsc.com/datasheet/C27985148.pdf,PinHeader_2x07_P1.27mm_Vertical_SMD,CONN HEADER 14POS 1.27mm DUAL ROW SMD,Hong Cheng,HC-PZ127-7.2L-2x7PS,LCSC,C27985148,
28,4,J8 J10 J13 J18,SW1_CONN,https://www.lcsc.com/datasheet/C32713269.pdf,PinHeader_1x03_P2.54mm_Vertical,CONN HEADER 3POS 2.54mm SINGLE ROW TH,hanxia,HX PZ2.54-1x3P ZZ,LCSC,C32713269,
29,1,J15,TEMP_CONN,https://www.lcsc.com/datasheet/C239362.pdf,Molex_KK-254_AE-6410-02A_1x02_P2.54mm_Vertical,CONN HEADER TH 2POS 2.54mm,CJT(Changjiang Connectors),A2543WV-2P,LCSC,C239362,
30,2,J9 J12,UART_CONN,https://www.lcsc.com/datasheet/C239364.pdf,Molex_KK-254_AE-6410-04A_1x04_P2.54mm_Vertical,CONN HEADER TH 4POS 2.54mm,CJT(Changjiang Connectors),A2543WV-4P,LCSC,C239364,
31,1,J6,USB_CONN,https://www.lcsc.com/datasheet/C2894897.pdf,USB_C_Receptacle_HCTL_HC-TYPE-C-16P-01A,CONN RCPT Type-C 16POS SMD R/A,HCTL,HC-TYPE-C-16P-01A,LCSC,C2894897,
32,1,J1,VIN_CONN,https://www.lcsc.com/datasheet/C239439.pdf,Molex_Micro-Fit_3.0_43650-0215_1x02_P3.00mm_Vertical,CONN HEADER TH 2POS 3mm,CJT(Changjiang Connectors),C3030WV-2P,LCSC,C239439,
33,1,JP2,DRV_CFG_HI,https://www.lcsc.com/datasheet/C32713270.pdf,PinHeader_1x04_P2.54mm_Vertical,CONN HEADER 4POS 2.54mm SINGLE ROW TH,hanxia,HX PZ2.54-1x4P ZZ,LCSC,C32713270,
34,1,JP1,DRV_CFG_LO,https://www.lcsc.com/datasheet/C32713277.pdf,PinHeader_2x04_P2.54mm_Vertical,CONN HEADER 8POS 2.54mm DUAL ROW TH,hanxia,HX PZ2.54-2x4P ZZ,LCSC,C32713277,
35,1,JP4,JMP_PWR_SEL,https://www.lcsc.com/datasheet/C32713269.pdf,PinHeader_1x03_P2.54mm_Vertical,CONN HEADER 3POS 2.54mm SINGLE ROW TH,hanxia,HX PZ2.54-1x3P ZZ,LCSC,C32713269,
36,1,L1,27u,https://www.lcsc.com/datasheet/C54620267.pdf,L_APV_ANR8040,FIXED IND 27UH 2.03A 100 MOHM SMD,APV,APV ANR8040T270M,LCSC,C54620267,
37,1,Q1,CRTD700P10L,https://www.lcsc.com/datasheet/C841381.pdf,TO-252-2,MOSFET P-CH 100V-26A TO-252,CRMICRO,CRTD700P10L,LCSC,C841381,
38,1,Q2,NCE0106R,https://www.lcsc.com/datasheet/C189607.pdf,SOT-223-3_TabPin2,MOSFET N-CH 100V 9A SOT-223-3L,NCE,NCE0106R,LCSC,C189607,
39,1,R15,0,https://www.lcsc.com/datasheet/C21189.pdf,R_0402_1005Metric,RES 0 OHM 1% 1/10W 0402,UNI-ROYAL,0603WAF0000T5E,LCSC,C21189,
40,1,R1,2m,https://www.lcsc.com/datasheet/C1711510.pdf,R_1020_2550Metric,RES 2m OHM 1% 2W 1020,VISHAY,WSL10202L000FEA,LCSC,C1711510,
41,4,R9 R10 R39 R40,10,https://www.lcsc.com/datasheet/C22859.pdf,R_0603_1608Metric,RES 10 OHM 1% 1/10W 0603,UNI-ROYAL,0603WAF100JT5E,LCSC,C22859,
42,6,R43 R46 R47 R48 R50 R51,22,https://www.lcsc.com/datasheet/C23345.pdf,R_0603_1608Metric,RES 22 OHM 1% 1/10W 0603,UNI-ROYAL,0603WAF220JT5E,LCSC,C23345,
43,1,R28,100,https://www.lcsc.com/datasheet/C22775.pdf,R_0603_1608Metric,RES 100 OHM 1% 1/10W 0603,UNI-ROYAL,0603WAF1000T5E,LCSC,C22775,
44,1,R36,120,https://www.lcsc.com/datasheet/C22787.pdf,R_0603_1608Metric,RES 120 OHM 1% 1/10W 0603,UNI-ROYAL,0603WAF1200T5E,LCSC,C22787,
45,2,R25 R26,150,https://www.lcsc.com/datasheet/C2992638.pdf,R_2512_6332Metric,RES 150 OHM 5% 3W 2512,EVER OHMS,CUH2512J150RE04Z,LCSC,C2992638,
46,10,R4 R16 R17 R21 R22 R23 R24 R45 R52 R53,1k,https://www.lcsc.com/datasheet/C21190.pdf,R_0603_1608Metric,RES 1K OHM 1% 1/10W 0603,UNI-ROYAL,0603WAF1001T5E,LCSC,C21190,
47,1,R3,2.7k,https://www.lcsc.com/datasheet/C13167.pdf,R_0603_1608Metric,RES 2.7K OHM 1% 1/10W 0603,UNI-ROYAL,0603WAF2701T5E,LCSC,C13167,
48,1,R18,4.3k,https://www.lcsc.com/datasheet/C2989227.pdf,R_0603_1608Metric,RES 4.3K OHM 0.1% 1/10W 0603,UNI-ROYAL,TC0350B4301T5F,LCSC,C2989227,
49,4,R31 R32 R33 R34,4.7k,https://www.lcsc.com/datasheet/C23162.pdf,R_0603_1608Metric,RES 4.7K OHM 1% 1/10W 0603,UNI-ROYAL,0603WAF4701T5E,LCSC,C23162,
50,2,R37 R38,5.1k,https://www.lcsc.com/datasheet/C23186.pdf,R_0603_1608Metric,RES 5.1K OHM 1% 1/10W 0603,UNI-ROYAL,0603WAF5101T5E,LCSC,C23186,
51,1,R20,9.1k,https://www.lcsc.com/datasheet/C517416.pdf,R_0603_1608Metric,RES 9.1K OHM 0.1% 167mW 0603,UNI-ROYAL,TC0325B9101T5H,LCSC,C517416,
52,7,R5 R11 R13 R14 R19 R35 R55,10k,https://www.lcsc.com/datasheet/C25804.pdf,R_0603_1608Metric,RES 10K OHM 1% 1/10W 0603,UNI-ROYAL,0603WAF1002T5E,LCSC,C25804,
53,1,R29,11k,https://www.lcsc.com/datasheet/C2988916.pdf,R_0603_1608Metric,RES 11K OHM 0.1% 1/10W 0603,UNI-ROYAL,TC0325B1102T5F,LCSC,C2988916,
54,1,R7,24.9k,https://www.lcsc.com/datasheet/C25962.pdf,R_0603_1608Metric,RES 24.9K OHM 1% 1/10W 0603,UNI-ROYAL,0603WAF2492T5E,LCSC,C25962,
55,1,R49,47k,https://www.lcsc.com/datasheet/C25819.pdf,R_0603_1608Metric,RES 47K OHM 1% 1/10W 0603,UNI-ROYAL,0603WAF4702T5E,LCSC,C25819,
56,4,R2 R6 R8 R30,100k,https://www.lcsc.com/datasheet/C25803.pdf,R_0603_1608Metric,RES 100K OHM 1% 1/10W 0603,UNI-ROYAL,0603WAF1003T5E,LCSC,C25803,
57,2,R12 R27,1Meg,https://www.lcsc.com/datasheet/C2989464.pdf,R_0603_1608Metric,RES 1MEG OHM 0.1% 1/10W 0603,UNI-ROYAL,TC0325B1004T5F,LCSC,C2989464,
58,1,SW2,SW_CAN_TERM,https://www.lcsc.com/datasheet/C5299502.pdf,SW_DIP_SPSTx01_Slide_6.7x4.1mm_W7.62mm_P2.54mm_LowProfile,SWITCH SLIDE DIP 25mA 24V,SM Switch,SMQS-01R-TP,LCSC,C5299502,
59,1,SW1,SW_RESET,https://www.littelfuse.com/assetdocs/littelfuse-c-k-tactile-pts526-series-datasheet?assetguid=bb56c1b4-71ca-4262-9bd7-cf3e3c572bb3,SW_SPST_PTS526xxxSMTR,SWITCH TACTILE SPST-NO 0.05A 12V,C&K,PTS526SK15SMTR2 LFS,DigiKey,CKN12221-1-ND,
60,1,SW3,SW_USER,https://www.littelfuse.com/assetdocs/littelfuse-c-k-tactile-pts526-series-datasheet?assetguid=bb56c1b4-71ca-4262-9bd7-cf3e3c572bb3,SW_SPST_PTS526xxxSMTR,SWITCH TACTILE SPST-NO 0.05A 12V,C&K,PTS526SK15SMTR2 LFS,DigiKey,CKN12221-1-ND,
61,1,U3,AP7362-33SP-13,https://www.diodes.com/assets/Datasheets/AP7362.pdf,SOIC-8-1EP_3.9x4.9mm_P1.27mm_EP2.6x3.5mm_ThermalVias,IC REG LINEAR 3.3V 1.5A 8-SO-EP,Diodes Incorporated,AP7362-33SP-13,DigiKey,AP7362-33SP-13DICT-ND,
62,1,U5,INA238AIDGSR,https://www.ti.com/lit/ds/symlink/ina238.pdf?ts=1750729289291,VSSOP-10_3x3mm_P0.5mm,IC PWR MONITOR 10VSSOP,Texas Instruments,INA238AIDGSR,DigiKey,296-INA238AIDGSRCT-ND,
63,1,U1,LMR36510ADDAR,http://www.ti.com/lit/ds/symlink/lmr36510.pdf,Texas_HTSOP-8-1EP_3.9x4.9mm_P1.27mm_EP2.95x4.9mm_Mask2.4x3.1mm_ThermalVias,IC REG BUCK ADJ 1A 8SOPWR,Texas Instruments,LMR36510ADDAR,DigiKey,296-LMR36510ADDARCT-ND,
64,1,U6,STM32L476RGT6,https://www.st.com/resource/en/datasheet/stm32l476rg.pdf,LQFP-64_10x10mm_P0.5mm,IC MCU 32BIT 1MB FLASH 64LQFP,STMicroelectronics,STM32L476RGT6,DigiKey,497-19382-1-ND,
65,1,U8,TJA1051T-3-1J-TD,https://www.lcsc.com/datasheet/C51954344.pdf,SOIC-8_3.9x4.9mm_P1.27mm,IC TXRX 8-SO,TDSEMIC,TJA1051T-3-1J-TD,LCSC,C51954344,
66,1,U7,TLV4041R5DBVR,https://www.ti.com/lit/ds/symlink/tlv4021.pdf?HQS=dis-dk-null-digikeymode-dsf-pf-null-wwe&ts=1790911471299,SOT-23-5,IC COMPARATOR 1CH SOT-23-5,Texas Instruments,TLV4041R5DBVR,DigiKey,296-TLV4041R5DBVRCT-ND,
67,1,U4,TLV6700QDDCRQ1,https://www.ti.com/lit/ds/symlink/tlv6700-q1.pdf,SOT-23-6,IC COMPARATOR 2CH SOT-23-THIN,Texas Instruments,TLV6700QDDCRQ1,DigiKey,296-TLV6700QDDCRQ1CT-ND,
68,1,U2,TMC5160T Pro,https://global.bttwiki.com/TMC5160T%20Pro%20V1.0.html#pin-description,,,BIGTREETECH,TMC5160T Pro,BIGTREETECH,TMC5160T Pro,
69,1,U9,USBLC6-2SC6,https://www.lcsc.com/datasheet/C2687116.pdf,SOT-23-6,TVS DIODE 5.25VWM 17VC SOT23-6,UMW,USBLC6-2SC6,LCSC,C2687116,
70,1,Y1,ECS-80-8-30-JGN-TR,https://ecsxtal.com/store/pdf/ecx-53r.pdf,Crystal_SMD_5032-2Pin_5.0x3.2mm,CRYSTAL 8.0000MHZ 8PF SMD,ECS Inc.,ECS-80-8-30-JGN-TR,DigiKey,50-ECS-80-8-30-JGN-TRCT-ND,
