Ref,Val,Package,PosX,PosY,Rot,Side
"C1","100n","C_0603_1608Metric",36.8300,4.4450,0.0000,top
"C2","220u","CP_Radial_D10.0mm_P5.00mm",25.4000,18.8777,-90.0000,top
"C3","2.2u","C_1206_3216Metric",36.1950,20.3200,0.0000,top
"C4","2.2u","C_1206_3216Metric",36.1950,17.7800,0.0000,top
"C5","220n","C_1206_3216Metric",36.1950,15.2400,0.0000,top
"C6","22u","C_1206_3216Metric",41.7050,17.7800,0.0000,top
"C7","22u","C_1206_3216Metric",41.7050,20.3200,0.0000,top
"C8","100n","C_0603_1608Metric",41.5650,22.5425,180.0000,top
"C9","4.7u","C_1206_3216Metric",36.1950,93.3450,180.0000,top
"C10","100n","C_0603_1608Metric",20.9550,91.4400,0.0000,top
"C11","100n","C_0603_1608Metric",21.9190,80.6050,90.0000,top
"C12","100n","C_0603_1608Metric",35.3825,91.4400,180.0000,top
"C13","10n","C_0603_1608Metric",22.8600,93.9800,-90.0000,top
"C14","1u","C_0805_2012Metric",20.9550,94.1680,-90.0000,top
"C15","1u","C_0805_2012Metric",34.2900,3.4950,-90.0000,top
"C16","100n","C_0603_1608Metric",28.8925,25.4000,90.0000,top
"C17","100n","C_0603_1608Metric",38.3725,78.4900,0.0000,top
"C18","100n","C_0603_1608Metric",33.1216,93.1675,-90.0000,top
"C19","100n","C_0603_1608Metric",33.7300,80.2875,180.0000,top
"C20","1u","C_0805_2012Metric",33.6550,78.4225,180.0000,top
"C21","100n","C_0603_1608Metric",12.7000,47.4850,-90.0000,top
"C22","1u","C_1206_3216Metric",15.2400,48.2600,90.0000,top
"C23","100u","CP_Radial_D8.0mm_P3.50mm",16.5100,60.5773,90.0000,top
"C24","10p","C_0603_1608Metric",32.1262,105.9815,0.0000,top
"C25","100n","C_0603_1608Metric",31.7500,38.7350,-90.0000,top
"C26","100n","C_0603_1608Metric",33.1975,28.5750,0.0000,top
"C27","10p","C_0603_1608Metric",28.9512,105.9815,0.0000,top
"C28","10u","C_0603_1608Metric",31.4325,46.9900,0.0000,top
"C29","10u","C_0603_1608Metric",31.5450,56.5100,0.0000,top
"C30","10u","C_0603_1608Metric",31.5450,58.1025,0.0000,top
"C35","100n","C_0603_1608Metric",6.9850,44.4500,180.0000,top
"C36","10u","C_0603_1608Metric",50.1650,29.7050,90.0000,top
"C37","100n","C_0603_1608Metric",48.2600,29.7050,-90.0000,top
"C38","100n","C_0603_1608Metric",50.3050,102.5525,180.0000,top
"C39","100n","C_0603_1608Metric",44.9450,38.7350,0.0000,top
"C40","100n","C_0603_1608Metric",50.3050,104.4575,180.0000,top
"C44","100n","C_0603_1608Metric",29.2100,109.6775,-90.0000,top
"C45","100n","C_0603_1608Metric",17.9200,105.4100,180.0000,top
"D1","PDZ10B,115","D_SOD-323_HandSoldering",12.6800,20.3200,180.0000,top
"D2","+5V_OK","LED_0805_2012Metric",49.9750,20.0025,180.0000,top
"D3","+3V3_OK","LED_0805_2012Metric",36.0825,42.3550,0.0000,top
"D6","LED1","LED_0805_2012Metric",11.1275,82.5500,0.0000,top
"D7","LED2","LED_0805_2012Metric",11.1275,86.9950,0.0000,top
"F1","MF-MSMF030-2","R_1812_4532Metric",49.5300,34.9250,-90.0000,top
"FB1","BLM18PG121SN1D","L_0603_1608Metric",19.0500,93.9800,90.0000,top
"FH1","XF-508P-B-B","Fuseholder_Blade_Mini_Keystone_3568",3.8100,19.6850,90.0000,top
"FID1","FIDUCIAL","Fiducial_1mm_Mask2mm",5.0000,10.0000,90.0000,top
"FID2","FIDUCIAL","Fiducial_1mm_Mask2mm",5.0000,110.0000,90.0000,top
"FID3","FIDUCIAL","Fiducial_1mm_Mask2mm",55.0000,110.0000,90.0000,top
"ID1","BOARD_STACKUP_MARKER","STACKUP_ID_2L",52.5000,10.0000,90.0000,top
"ID2","BOARD_IDENTIFICATION_MARKER","BOARD_IDENTIFICATION",57.0000,18.5000,90.0000,top
"J1","VIN_CONN","Molex_Micro-Fit_3.0_43650-0215_1x02_P3.00mm_Vertical",13.1050,4.2250,0.0000,top
"J2","MOT_CONN","Molex_Micro-Fit_3.0_43650-0415_1x04_P3.00mm_Vertical",5.0800,68.8128,-90.0000,top
"J3","DRV_DIAG","PinSocket_1x02_P2.54mm_Vertical",20.9550,55.4050,-90.0000,top
"J4","DRV_SKT_LEFT","PinSocket_1x08_P2.54mm_Vertical",23.4950,55.4050,180.0000,top
"J5","DRV_SKT_RIGHT","PinSocket_1x08_P2.54mm_Vertical",10.7950,55.4050,180.0000,top
"J6","USB_CONN","USB_C_Receptacle_HCTL_HC-TYPE-C-16P-01A",56.5150,41.2750,90.0000,top
"J7","ENC_CONN","Molex_KK-254_AE-6410-06A_1x06_P2.54mm_Vertical",5.0800,106.0450,-90.0000,top
"J8","SW1_CONN","PinHeader_1x03_P2.54mm_Vertical",55.8800,76.8350,-90.0000,top
"J9","UART_CONN","Molex_KK-254_AE-6410-04A_1x04_P2.54mm_Vertical",18.4150,114.9350,180.0000,top
"J10","SW2_CONN","PinHeader_1x03_P2.54mm_Vertical",55.8800,83.1850,-90.0000,top
"J11","CAN_CONN","Molex_KK-254_AE-6410-03A_1x03_P2.54mm_Vertical",48.8950,114.9550,180.0000,top
"J12","I2C_CONN","Molex_KK-254_AE-6410-04A_1x04_P2.54mm_Vertical",5.0800,88.2650,-90.0000,top
"J13","SW3_CONN","PinHeader_1x03_P2.54mm_Vertical",55.8800,89.5350,-90.0000,top
"J14","ST-LINK_CONN","PinHeader_2x07_P1.27mm_Vertical_SMD",53.3400,58.4200,180.0000,top
"J15","TEMP_CONN","Molex_KK-254_AE-6410-02A_1x02_P2.54mm_Vertical",37.4700,114.9560,180.0000,top
"J16","ADC_CONN","Molex_KK-254_AE-6410-03A_1x03_P2.54mm_Vertical",29.8450,114.9550,180.0000,top
"J18","SW4_CONN","PinHeader_1x03_P2.54mm_Vertical",55.8800,95.8850,-90.0000,top
"JP1","DRV_CFG_LO","PinHeader_2x04_P2.54mm_Vertical",13.3350,70.6450,90.0000,top
"JP2","DRV_CFG_HI","PinHeader_1x04_P2.54mm_Vertical",13.3350,68.1050,90.0000,top
"JP4","JMP_PWR_SEL","PinHeader_1x03_P2.54mm_Vertical",45.7200,24.7650,180.0000,top
"L1","27u","L_APV_ANR8040",45.0850,9.5250,90.0000,top
"Q1","CRTD700P10L","TO-252-2",13.7100,28.2675,90.0000,top
"Q2","NCE0106R","SOT-223-3_TabPin2",7.2553,39.3700,0.0000,top
"R1","2m","R_1020_2550Metric",21.5900,25.4000,90.0000,top
"R2","100k","R_0603_1608Metric",31.4325,5.0800,-90.0000,top
"R3","2.7k","R_0603_1608Metric",49.8475,21.9075,180.0000,top
"R4","1k","R_0603_1608Metric",21.2725,63.8175,90.0000,top
"R5","10k","R_0603_1608Metric",21.2725,59.5000,-90.0000,top
"R6","100k","R_0603_1608Metric",12.2550,18.4150,0.0000,top
"R7","24.9k","R_0603_1608Metric",31.4325,8.2550,-90.0000,top
"R8","100k","R_0603_1608Metric",12.2550,16.5100,0.0000,top
"R9","10","R_0603_1608Metric",26.6700,24.4475,0.0000,top
"R10","10","R_0603_1608Metric",26.6700,26.3525,0.0000,top
"R11","10k","R_0603_1608Metric",38.1000,88.9000,180.0000,top
"R12","1Meg","R_0603_1608Metric",27.1150,36.1950,180.0000,top
"R13","10k","R_0603_1608Metric",27.9400,42.1000,-90.0000,top
"R14","10k","R_0603_1608Metric",29.8450,42.1000,-90.0000,top
"R15","0","R_0402_1005Metric",27.6340,97.2147,-90.0000,top
"R16","1k","R_0603_1608Metric",47.4350,84.7725,180.0000,top
"R17","1k","R_0603_1608Metric",36.1950,44.2600,0.0000,top
"R18","4.3k","R_0603_1608Metric",28.8925,34.6075,180.0000,top
"R19","10k","R_0603_1608Metric",34.6075,23.4950,0.0000,top
"R20","9.1k","R_0603_1608Metric",30.6075,36.1950,180.0000,top
"R21","1k","R_0603_1608Metric",18.1610,76.7080,0.0000,top
"R22","1k","R_0603_1608Metric",47.4350,78.4225,0.0000,top
"R23","1k","R_0603_1608Metric",47.4350,91.1225,0.0000,top
"R24","1k","R_0603_1608Metric",47.4350,97.4725,0.0000,top
"R25","150","R_2512_6332Metric",15.8750,37.4650,0.0000,top
"R26","150","R_2512_6332Metric",15.8750,41.9100,0.0000,top
"R27","1Meg","R_0603_1608Metric",6.3500,49.5300,0.0000,top
"R28","100","R_0603_1608Metric",4.1275,46.9900,-90.0000,top
"R29","11k","R_0603_1608Metric",6.3500,51.1175,180.0000,top
"R30","100k","R_0603_1608Metric",2.5400,46.9900,90.0000,top
"R31","4.7k","R_0603_1608Metric",19.0500,81.2800,-90.0000,top
"R32","4.7k","R_0603_1608Metric",17.1450,81.9150,-90.0000,top
"R33","4.7k","R_0603_1608Metric",41.5409,88.8484,45.0000,top
"R34","4.7k","R_0603_1608Metric",42.8109,87.5784,45.0000,top
"R35","10k","R_0603_1608Metric",41.9100,103.3150,90.0000,top
"R36","120","R_0603_1608Metric",40.0050,109.6650,90.0000,top
"R37","5.1k","R_0603_1608Metric",54.6100,48.4500,-90.0000,top
"R38","5.1k","R_0603_1608Metric",52.7050,48.4500,-90.0000,top
"R39","10","R_0603_1608Metric",43.1800,109.6650,90.0000,top
"R40","10","R_0603_1608Metric",48.2600,109.6650,-90.0000,top
"R43","22","R_0603_1608Metric",47.4350,60.9600,180.0000,top
"R45","1k","R_0603_1608Metric",14.6050,83.8200,0.0000,top
"R46","22","R_0603_1608Metric",47.4350,56.5150,180.0000,top
"R47","22","R_0603_1608Metric",47.4350,54.6100,180.0000,top
"R48","22","R_0603_1608Metric",47.4350,58.4200,180.0000,top
"R49","47k","R_0603_1608Metric",31.5600,110.8075,180.0000,top
"R50","22","R_0603_1608Metric",57.1500,65.4050,90.0000,top
"R51","22","R_0603_1608Metric",47.4350,62.8650,180.0000,top
"R52","1k","R_0603_1608Metric",31.5600,108.9025,0.0000,top
"R53","1k","R_0603_1608Metric",14.6050,85.7250,0.0000,top
"R55","10k","R_0603_1608Metric",15.2400,106.2360,-90.0000,top
"SW1","SW_RESET","SW_SPST_PTS526xxxSMTR",41.9100,70.4850,180.0000,top
"SW2","SW_CAN_TERM","SW_DIP_SPSTx01_Slide_6.7x4.1mm_W7.62mm_P2.54mm_LowProfile",38.7475,99.0650,90.0000,top
"SW3","SW_USER","SW_SPST_PTS526xxxSMTR",20.3200,101.6000,180.0000,top
"U1","LMR36510ADDAR","Texas_HTSOP-8-1EP_3.9x4.9mm_P1.27mm_EP2.95x4.9mm_Mask2.4x3.1mm_ThermalVias",35.5600,9.5250,-90.0000,top
"U3","AP7362-33SP-13","SOIC-8-1EP_3.9x4.9mm_P1.27mm_EP2.6x3.5mm_ThermalVias",32.1125,51.4950,90.0000,top
"U4","TLV6700QDDCRQ1","SOT-23-6",28.8925,38.7350,0.0000,top
"U5","INA238AIDGSR","VSSOP-10_3x3mm_P0.5mm",34.6075,26.0350,180.0000,top
"U6","STM32L476RGT6","LQFP-64_10x10mm_P0.5mm",27.9400,86.3600,-90.0000,top
"U7","TLV4041R5DBVR","SOT-23-5",6.9850,46.9900,180.0000,top
"U8","TJA1051T-3-1J-TD","SOIC-8_3.9x4.9mm_P1.27mm",45.7200,103.5050,90.0000,top
"U9","USBLC6-2SC6","SOT-23-6",45.7200,41.2750,180.0000,top
"Y1","ECS-80-8-30-JGN-TR","Crystal_SMD_5032-2Pin_5.0x3.2mm",30.5388,103.1240,180.0000,top
